,Slope,Aspect,Plan Curvature,Profile Curvature,TPI,Elevation Relative,Elevation Percentile
0,47.59749722222222,183.98605111111112,-0.00582807081111111,0.00010253951111111154,0.03818848766666668,55.666666666666664,47.0
1,35.539550555555564,201.26485222222223,-0.0009418476633333334,0.0002574467866666667,0.015123022244444447,18.22222222222222,48.666666666666664
2,32.91659311111111,141.57820555555554,-0.004175069911111111,-0.0020825280155555553,-0.20708255555555555,38.22222222222222,44.55555555555556
3,8.500955644444446,303.4837,0.0021656359666666677,0.0016893709055555556,0.28764829555555554,33.0,59.888888888888886
4,15.288546,218.9342977777778,-0.011377142177777778,0.0006579646577777778,-0.14935841555555557,14.88888888888889,33.77777777777778
5,23.769438666666662,166.21169555555556,0.005226926860000001,-0.002298351597777778,0.01587000471111111,17.0,51.333333333333336
6,26.26449711111111,351.9051311111111,-0.0004452752744444442,-4.503462777777784e-05,0.1396770857777778,20.666666666666668,54.55555555555556
7,33.205248444444436,306.7296838444444,-0.0011959176733333334,-0.0015208128366666672,-0.04144730285555556,22.666666666666668,46.0
8,34.20100088888889,141.10496777777774,-0.0008215027466666666,-0.0006402842238888888,-0.0013554325555555542,23.11111111111111,48.666666666666664
9,4.789425466666667,32.664675555555554,0.009393094511111111,0.0009155189984444445,0.38202486555555554,2.5555555555555554,68.66666666666667
10,14.74786766666667,50.44675855555555,0.002924313111111111,0.0002197182,-0.1193513066111111,49.0,43.44444444444444
11,1.8405790999999998,202.14376833333333,0.0630996038888889,3.255845555555559e-05,0.4663754166666667,2.6666666666666665,67.77777777777777
12,35.89550811111111,134.1721777777778,-0.0038855759111111107,-0.00143298403,0.015297865722222224,16.666666666666668,46.55555555555556
13,28.81570177777778,216.14467222222223,-0.009083949066666664,-0.0017326932081111112,-0.04478008881111111,20.0,44.44444444444444
14,11.781387333333333,192.1754288888889,-0.01870515528111111,-0.0033513489499999998,-0.2943475455555556,8.777777777777779,31.666666666666668
15,15.402355222222221,270.94626999999997,0.008677337455555555,0.0025130456955555556,0.13443885455555554,29.0,54.333333333333336
16,4.312458566666667,164.50718,-0.0027948012999999996,0.0012282678955555558,-0.49632332888888886,10.0,35.22222222222222
17,2.3916787722222224,178.02656444444443,0.04787461788888889,-3.0024489999999993e-05,0.1850112181111111,2.0,51.55555555555556
18,31.86235855555556,142.2540171111111,0.01006214011111111,-0.0007877508666666666,0.13078058099999998,23.88888888888889,62.111111111111114
19,30.348343444444442,79.32493588888889,-0.010348901355555558,-0.0005839024288888889,-0.1397435091888889,33.0,35.888888888888886
20,30.761067666666666,346.37761333333333,0.00010690889999999993,0.0003786866377777777,0.06949749292222222,33.77777777777778,53.77777777777778
21,16.230810666666667,163.62675222222222,-0.019749805555555555,-0.0013088852533333336,-0.33964543333333336,19.88888888888889,25.0
22,33.50903644444444,124.29244666666666,-0.01026096601111111,-0.00362324417,-0.21798156111111108,47.666666666666664,36.55555555555556
23,16.77300011111111,69.3372648888889,-0.00436063324,-0.005911243122222222,-0.09678743344444445,62.0,39.666666666666664
24,17.51864392222222,139.50808044444443,-0.10041185402411111,-0.006614483748888889,-0.5754702122222222,6.0,33.55555555555556
25,5.247396533333334,111.80761777777779,0.004783254911111108,0.00015062113333333329,0.3079004544444445,2.0,65.33333333333333
26,13.976285416666665,45.850303,-0.01000172488888889,-0.0035568189433333335,-0.3149392732222222,60.333333333333336,31.333333333333332
27,29.64970188888889,152.1271522222222,0.005852454722222223,-0.0007819632333333333,-0.018564813,72.66666666666667,52.55555555555556
28,33.90498233333333,87.6493571111111,0.0008237251777777777,-0.0018148067255555553,-0.02708614522222222,53.111111111111114,49.0
29,29.421444444444447,300.76743300000004,0.0058470587,5.103983333333345e-05,0.03574357161111111,15.0,51.22222222222222
30,27.59985111111111,115.36598366666665,-1.727599999999971e-05,-0.0005767599666666667,-0.10938691277777778,54.0,44.22222222222222
31,32.71834344444445,130.71767933333334,0.009526062422222223,0.0020408975377777783,0.0792957756111111,13.555555555555555,57.77777777777778
32,23.311728333333335,269.78726277777776,-0.021231115433333333,-0.003350404264444445,-0.34536552666666664,22.0,22.444444444444443
33,26.825450555555555,132.57912,0.002051139755555555,-0.0010390209555555556,-0.014879399555555554,11.333333333333334,47.55555555555556
34,30.10193344444444,59.49060802222222,-0.009620716652222222,-0.0007728722555555556,-0.10366858722222222,12.777777777777779,40.666666666666664
35,44.09581744444444,339.049,-0.0006258401555555555,0.0007692351988888888,0.06740598366666667,18.444444444444443,51.111111111111114
36,7.443124733333333,278.5800844444444,0.002120525477777777,-0.00014087153111111108,-0.17334647655555557,54.0,47.111111111111114
37,26.142222,206.54719222222218,-0.005729185687777779,-0.0009146147022222222,-0.037904479,16.0,43.111111111111114
38,38.89556966666666,158.55831555555557,-0.0020560151,0.0016081385444444442,-0.02392683538888889,38.888888888888886,46.333333333333336
39,33.09385666666667,153.69675555555557,0.005131140541111111,0.00108676537,0.10634728144444446,6.333333333333333,54.55555555555556
40,33.88829722222222,128.606065,0.0044125660555555555,-0.0031352082666666666,0.09093596766666667,11.333333333333334,58.55555555555556
41,26.952001666666668,11.834839877777776,0.0015021573111111107,0.002991379788888889,0.23268527933333333,12.222222222222221,53.44444444444444
42,51.585642444444446,270.85673555555553,0.008505878522222224,0.0040846634975555554,0.3691348988888889,47.666666666666664,68.44444444444444
43,38.25795566666667,259.7045211111111,-0.008833817655555555,-0.0012278305555555556,-0.13933212366666667,24.333333333333332,38.111111111111114
44,27.783625555555556,70.595516,0.0019571733793333334,0.0015720040066666667,0.10377201877777778,12.0,52.888888888888886
45,28.72029733333333,66.23504455555556,-0.00576255182,0.00045701364777777774,-0.04546313766666667,46.0,46.22222222222222
46,42.232692,137.42711555555556,0.00419423593,0.001968424344444444,0.040336497222222226,54.666666666666664,53.77777777777778
47,34.11682455555555,212.43929888888889,-0.0009388566222222223,-0.0009740818111111112,0.024915177588888886,8.666666666666666,51.22222222222222
48,29.79971411111111,322.04304444444443,-0.0017434699722222223,0.0003636712377777778,0.015671843555555554,21.0,46.111111111111114
49,36.608649,272.6731144444444,-0.0007333094000000003,0.0009336530784222222,-0.038472102777777774,15.0,41.333333333333336
50,33.47223633333333,195.34014222222223,0.004104063190444445,0.00021876809999999986,0.14696118444444442,18.333333333333332,52.77777777777778
51,11.673431588888889,246.0042216666667,-0.016058554155555557,-0.006191835011111111,-0.4374208144444445,4.0,27.333333333333332
52,36.409184,235.97997777777775,0.00763300153111111,0.0008509658955555556,0.1266816473333333,40.55555555555556,60.55555555555556
53,33.494628000000006,300.18615222222223,-0.003495443525555556,9.633362311111113e-05,-0.05910907366666666,22.444444444444443,42.22222222222222
54,6.132640144444445,282.35145444444447,-0.017895629155555554,-0.0015947278266666668,-0.6249813222222222,47.0,18.333333333333332
55,25.498154666666668,222.12532444444446,-0.004004977144444445,-9.621042766666668e-05,-0.029468583722222226,68.33333333333333,46.0
56,32.85078677777778,189.61923333333334,0.005349675155555556,0.0013056965533333334,0.14029435177777777,38.333333333333336,57.333333333333336
57,42.964947333333335,79.01297666666666,0.0006478842444444452,-0.00010777411666666674,0.10407636833333334,25.77777777777778,55.888888888888886
58,39.116909666666665,269.1355566666667,-0.004384564188888889,-0.001571537298888889,-0.03139767866666667,12.0,44.0
59,22.57919422222222,166.9035377777778,0.007758699666666666,-0.002977723168888889,-0.203769799,19.555555555555557,39.44444444444444
60,28.87157844444444,270.8150922222223,0.0101365579,-0.0009012795406666668,0.12779124466666666,22.22222222222222,59.22222222222222
61,28.959049888888885,278.28660451693315,0.0017163240788888887,0.0011081981939986972,0.03251269766666667,43.22222222222222,50.0
62,30.76703944444445,126.15061205289177,-0.007856245155555556,-0.0004896997777777776,-0.183297764,44.77777777777778,40.666666666666664
63,36.48924244444444,122.60525517257922,0.0035800792744444445,0.0022236224853333336,0.12610894511111112,55.55555555555556,53.44444444444444
64,33.242290777777775,249.78536,0.001470486122222222,-0.0011963895133333333,-0.05467600511111111,65.33333333333333,48.44444444444444
65,33.08639655555556,171.68458222222222,0.00040088623333333316,0.0005296138222222221,-0.08753365547777776,19.77777777777778,45.0
66,17.593086711111113,278.7724677777778,-0.026950004399999998,-0.005394574511111111,-0.45178566555555555,62.666666666666664,20.333333333333332
67,29.161975555555557,45.41843533333334,0.0003917761011111111,-0.0001729743162222222,-0.050155921111111106,77.0,51.44444444444444
68,35.819686999999995,200.33833777777778,0.001602071757111111,0.0016588202888888888,0.11623767366666667,18.333333333333332,51.22222222222222
69,32.51249766666666,135.34593766666663,0.0008271764222222214,-0.00491545128888889,-0.09479665688888889,46.111111111111114,48.666666666666664
70,29.17523688888889,110.09720288888889,0.002627316888888889,-0.002104152728888889,0.12861654179999998,38.333333333333336,52.77777777777778
71,26.032821666666663,207.10724222222223,-0.00010594168555555524,0.0019767100666666666,0.05286518255555556,8.0,54.55555555555556
72,8.308034111111112,153.79250833333333,-0.020122647077777778,-0.0037340532222222217,-0.4877839644444444,27.0,17.11111111111111
73,3.8673909277777776,100.1682876156589,-0.04070713505555555,-0.0014407041588888887,-0.0407738698888889,38.0,36.44444444444444
74,29.97901211111111,190.36338111111112,0.007879377366666666,0.0004447667555555556,0.06513431988888889,55.77777777777778,53.333333333333336
75,41.61417488888888,141.8011044444444,0.002868331817777778,0.0006941877488888889,0.0681787511111111,57.333333333333336,49.44444444444444
76,17.361910444444444,217.69184222222222,-0.0020012648111111114,-0.0008577999344444444,-0.19446892000000002,53.111111111111114,36.0
77,12.442357666666666,169.4800666666667,0.0016327220222222224,0.0001533442333333332,-0.009296614395555559,5.0,51.55555555555556
78,30.465938333333334,235.97747666666666,-0.010503430399999998,0.00070479072,-0.23833022166666668,4.888888888888889,29.88888888888889
79,7.483892922222221,141.73608444444446,0.004217777127828333,-0.0002777133633333453,-0.04628881622222222,4.0,47.44444444444444
80,11.005385066666667,115.11241722222222,0.0053423789444444455,0.001712222627777778,0.09293007715555555,54.44444444444444,55.333333333333336
81,35.46012855555556,346.8190744444444,-0.004775227188888889,0.0007894732394444445,-0.10131714211111112,54.333333333333336,40.333333333333336
82,36.348115666666665,139.54910266666667,0.004073722844444444,0.002466528477777778,0.17826819977777777,26.333333333333332,55.666666666666664
83,19.584263555555555,257.5591662222222,0.02526586691111111,0.004766454387777778,0.5689581088888889,32.0,81.88888888888889
84,17.72780977777778,91.80724488888887,0.01150166292,2.6220888888887866e-07,0.04862445137777777,10.0,55.666666666666664
85,29.456707555555553,42.63901077777777,-0.0007365075044444445,0.0017154002888888887,-0.004306046366666665,14.11111111111111,48.77777777777778
86,26.140967333333336,222.71130333333332,0.0019293534666666669,-1.2624294522222206e-05,-0.055833439777777785,68.88888888888889,46.55555555555556
87,37.310616333333336,263.96648555555555,0.0017450943266666661,0.0005958431144444445,0.10263834353333333,20.444444444444443,56.0
88,35.819686999999995,200.33833777777778,0.001602071757111111,0.0016588202888888888,0.11623767366666667,18.333333333333332,51.22222222222222
89,15.30489,160.30583777777778,0.010090798811111112,0.0008278410777777779,0.03002081655555555,8.0,52.0
90,26.642275555555553,185.7384622222222,-0.0069066868,-0.0017006651222222229,-0.1643663893333333,33.666666666666664,42.111111111111114
91,28.429057555555556,4.889916295547,-0.0012572883188888887,-0.0027716204477777778,-0.19272405444444443,54.333333333333336,47.0
92,17.296089777777777,217.1394788888889,0.0026474472966666663,0.002579893997777778,0.0179185592,18.0,47.77777777777778
93,28.221294333333333,312.5152723111111,0.0023498257,0.000495725847777778,-0.08381658088888888,21.22222222222222,47.22222222222222
94,42.154043222222214,31.601045999999997,-0.00026683567777777785,0.0013147567752222222,-0.10341373355555555,34.0,46.333333333333336
95,29.600359,76.0954811111111,-0.0017948291666666668,0.0023890015944444446,0.17153036888888887,78.0,49.77777777777778
96,38.59182922222222,242.6686677777778,0.006431845566666667,0.00020124888888888888,0.1728736051111111,26.11111111111111,60.111111111111114
97,33.75847011111111,283.0663455555556,0.0023497762544444443,-0.0012466368044444444,-0.051465317266666664,22.666666666666668,46.111111111111114
98,23.063671222222222,262.16615333333334,-0.005133542966666665,0.0012433869755555558,0.03789929611111111,27.0,48.22222222222222
99,2.783143104444444,144.41235517777778,-0.06921037363333332,-0.0012230144288888887,-0.46754701111111113,2.0,13.222222222222221
100,1.9447414677777775,156.079325,0.026318075333333333,-0.0002969111288888889,-0.039681518333333325,32.111111111111114,40.111111111111114
101,32.771696666666664,159.82139444444445,0.008100330366666667,-0.0002114996366666666,0.20153940999999997,31.333333333333332,63.111111111111114
102,2.4797249355555557,294.30451544444446,-0.02030449573333333,-0.0005642581873333333,-0.19493979155555555,3.0,30.88888888888889
103,30.03900811111111,317.03492000000006,0.017573911322222222,0.0022785813666666662,0.26661356222222227,17.555555555555557,65.33333333333333
104,23.84682411111111,210.6522481222222,-0.023875712755555556,0.0012061778333333332,-0.22006966555555552,27.666666666666668,29.444444444444443
105,17.452914777777778,252.23312911111108,-0.0011871146555555573,-0.001537466555555556,-0.3185209911111111,8.333333333333334,33.44444444444444
106,37.93415355555556,212.64551333333333,-0.0025802512999999997,-0.0017511779622222225,-0.12553163355555558,15.222222222222221,43.55555555555556
107,14.135590722222224,294.1174344444445,-0.0005242819999999999,-0.002458789011111111,-0.20906367288888889,27.22222222222222,35.55555555555556
108,33.857519888888895,123.43241012222221,-0.005550369592222222,0.0006566072044444445,-0.08598281777777778,24.555555555555557,44.111111111111114
109,25.90675966666667,238.77678666666665,0.006804709466666666,0.0006096471033333333,0.0359518265,20.444444444444443,55.666666666666664
110,43.13145466666666,139.70821444444448,0.00341470373,-0.00030759612222222235,-0.019022614555555553,54.333333333333336,50.333333333333336
111,31.384420555555558,237.95032222222224,-0.004099107375555556,-0.0009219845502222222,-0.02652507688888889,11.0,45.55555555555556
112,18.890798444444446,289.70499015411286,2.8836937097332952e-05,-0.0006529016977777776,-0.010148587444444447,17.77777777777778,48.22222222222222
113,2.899282022222222,51.48015888888889,-0.016534839511111107,-0.00029892845555555563,0.04002798693333334,8.0,44.55555555555556
114,22.378439999999998,199.63091444444444,0.012326189622222223,-0.0002715395483333333,0.0302768363,15.555555555555555,54.888888888888886
115,16.17440388888889,47.46630177777777,0.008514544922222221,-0.0006985311040555556,0.056222877555555564,11.11111111111111,57.888888888888886
116,2.7746376555555554,192.10260872222224,0.0033568971777777784,-0.00039078413144444455,0.007236497094444441,5.0,41.888888888888886
117,20.411222555555558,40.72969822222222,0.011845816822222223,0.0030349231822222223,0.26050840000000003,12.0,57.666666666666664
118,21.697738666666666,196.77417000000003,0.022876759947777776,0.003989634416666667,0.2922116395166667,28.666666666666668,65.88888888888889
119,24.000251222222218,312.6063152305001,0.0019420624666666665,-0.0038306406000000004,-0.4079316253333334,21.0,32.22222222222222
120,22.106590033333333,173.83777888888892,0.012735182000000003,-0.005718335715555555,-0.4188020011111111,18.555555555555557,40.0
121,2.7925211444444447,215.5843243333333,0.014425429025672225,-0.001942918788888889,-0.2722856636666667,1.0,35.0
122,12.616306333333334,321.9754477777778,-0.006585833422222222,0.0010812976811111112,-0.09610406115555555,71.0,39.55555555555556
123,28.618360444444445,238.31545555555556,0.008478289866666667,0.0022187853155555557,0.2192611888888889,14.222222222222221,57.55555555555556
124,25.41420022222222,221.75951777777775,0.004028197296666667,0.0017393412588888888,0.0637931225111111,22.88888888888889,57.888888888888886
125,21.229995777777777,167.14354777777777,0.012523715599999999,0.0015283085444444443,0.11308722099999999,72.66666666666667,61.888888888888886
126,34.510603777777774,293.4297111111111,0.004068497866666667,-0.000305215173888889,-0.09929918588888889,15.88888888888889,49.22222222222222
127,28.919548666666667,194.50431444444445,-0.003392516488888889,0.0007169072500000001,-0.0038628706666666668,21.0,47.888888888888886
128,39.917631666666665,310.7914622222222,-0.008666420317777777,0.000979583506666667,-0.09619972311111111,51.44444444444444,34.666666666666664
129,24.16480511111111,174.56304666666668,-0.001954924922222222,-0.0010038299655555558,-0.05952546377777776,59.888888888888886,43.44444444444444
130,21.85374688888889,151.83313777777778,-0.003230838055555555,0.00012871633033333335,-0.01869749132222222,17.444444444444443,44.0
131,10.889990622222221,196.71029364500112,-0.0008771547805695559,-0.0015048645777777777,-0.20368852255555553,60.0,45.0
132,40.324044666666666,3.933022177777777,-0.00047452391536514666,-0.00014530247999082886,-4.952493333333255e-05,81.33333333333333,49.55555555555556
133,37.41799611111111,342.5175233333334,-0.008503211674444443,0.0004664858222222221,-0.06649153644444444,37.333333333333336,39.888888888888886
134,10.768752355555556,53.61548555555556,0.0112281771,0.0017164166348888888,0.3941480216666666,73.0,71.33333333333333
135,10.768752355555556,53.61548555555556,0.0112281771,0.0017164166348888888,0.3941480216666666,73.0,71.33333333333333
136,29.259160111111115,211.25654444444444,0.003965883011111111,0.0006572206363333333,0.12016140844444445,18.88888888888889,56.666666666666664
137,28.208208111111112,7.758250553333334,0.000516513541111111,-0.0035449395577777775,-0.15140355622222224,54.333333333333336,47.55555555555556
138,18.241005111111107,191.37412555555554,-0.0033468689222222224,-0.003955038318555555,-0.3330740240000001,59.111111111111114,38.333333333333336
139,41.49826577777778,138.26090333333335,0.0014678627633333333,-0.00022373485777777775,-0.03532408603,44.888888888888886,48.55555555555556
140,41.00612588888889,133.93002555555555,-0.004186695618333333,-0.0008035878417777778,-0.09935006411111111,63.333333333333336,46.0
141,46.681053444444444,238.18892519999997,-0.00596552497,-0.00019229370777777775,0.004258883166666667,69.0,45.333333333333336
142,23.229899000000003,214.9149822222222,-0.007922603883333332,-0.00022207681777777785,-0.05992406355555556,60.888888888888886,46.111111111111114
143,56.59210455555555,181.46385666666666,0.0007767768803333332,-0.0003701804444444445,-0.040685556966666675,61.0,51.0
144,4.969549733333333,195.79344144444445,0.017162931266666667,0.0033260013222222223,0.6211825577777778,4.0,83.33333333333333
145,36.44763066666666,206.05945666666665,0.0006970556444444447,-0.0017027377555555558,-0.03912375748888889,16.444444444444443,49.44444444444444
146,5.613092055555556,71.14171577777778,0.002937894077777778,-0.0001100471077777778,-0.18719352411111112,57.0,41.44444444444444
147,20.779314777777774,61.186084444444454,0.013158735888888887,0.00010103202999999991,0.2088297537777778,11.0,61.111111111111114
148,8.889147022222222,162.1052513333333,0.04001425308888889,0.005708113977777778,0.8275976066666667,13.0,84.33333333333333
149,26.89868722222222,159.7297941333483,-0.0016093928666666667,-0.001973287188888889,-0.010925413444444445,55.111111111111114,49.333333333333336
150,31.092334555555553,168.30813555555557,0.002380275711111111,-0.000308403774111111,-0.041214795944444445,4.222222222222222,44.0
151,20.779314777777774,61.186084444444454,0.013158735888888887,0.00010103202999999991,0.2088297537777778,11.0,61.111111111111114
152,58.02609955555556,267.9057844444444,-0.0042530342222222225,-0.0009451413733333333,-0.16690630555555555,73.55555555555556,43.0
153,19.476648333333333,57.768614777777785,-0.01166994625877778,0.0009004019000000002,-0.13012727677777777,19.0,30.444444444444443
154,25.814965666666666,98.9323161111111,-0.0033338182777777775,-0.0006365747888888889,-0.005138715777777777,25.0,49.55555555555556
155,26.177276666666668,143.39220833333331,-0.008698430266666666,0.0028766817711111115,-0.14312153755555557,6.0,35.55555555555556
156,1.3021036377777777,144.31137155555555,-0.04813895611037777,5.305576666666665e-05,-0.308671165,0.0,21.555555555555557
157,23.112030999999998,312.9416004033333,0.004568387566666667,0.00024199161666666656,0.13602920633333335,69.66666666666667,59.666666666666664
158,24.619832222222225,150.5884045555555,0.018792182000000004,0.0013059382811111111,0.21804563444444444,22.11111111111111,67.22222222222223
159,18.31016733333333,62.948911111111116,-0.0014923029888888892,0.0034928396166666667,0.15457695644444444,15.444444444444445,56.77777777777778
160,17.83471722222222,320.9572388888889,0.010516866933333334,-0.0006432683222222222,0.1588711154444444,28.0,62.333333333333336
161,21.09865333333333,94.06696388888888,-0.0037814927477777776,-0.0009915764322222223,-0.04968355833333334,20.666666666666668,46.0
162,21.86097888888889,130.40711914444444,-0.012357163888888889,0.003715662511111111,0.3129483577777778,87.77777777777777,58.55555555555556
163,37.31375244444444,202.86255444444447,-0.0024356173934088885,0.0018517178377777778,-0.04257196254888889,48.333333333333336,42.77777777777778
164,23.40923788888889,211.48734000000002,-0.014099479555555556,-0.0007662753644444444,-0.19886453,68.0,32.22222222222222
165,18.601591411111112,281.5704388888889,-0.002684005324444444,-0.010681825944444442,-0.7551715077777778,10.0,16.444444444444443
166,2.8948057,89.46915433333334,-0.0025675746388888906,-0.0013031301055555554,-0.20132560722222226,6.0,31.88888888888889
167,9.922835322222221,177.95897688888888,0.02230430066666667,0.005662852194444445,0.7806132177777778,26.0,86.11111111111111
168,2.7552623111111108,126.80750711111111,0.00014312784444444476,-0.0003933102155555556,0.035469998444444435,2.0,49.333333333333336
169,29.324753555555553,140.67078333333333,0.0035883442555555544,0.0050989769711111115,0.46114288,26.0,65.33333333333333
170,35.77671688888889,340.7258033333333,-0.0005337226166666667,-0.0005383133566666668,0.07861222573333333,8.0,49.111111111111114
171,35.77671688888889,340.7258033333333,-0.0005337226166666667,-0.0005383133566666668,0.07861222573333333,8.0,49.111111111111114
172,21.78504911111111,91.04109888888888,0.004059127411111111,-0.0007305938477777779,0.011989200633333332,23.77777777777778,52.111111111111114
173,23.800898555555552,78.2709778888889,0.014598708633333334,0.0012987103333333334,0.2703834511111111,27.0,70.0
174,17.57871927777778,98.685797,0.06493165192222222,0.0084441526,0.6847429855555556,37.0,78.66666666666667
175,33.16982644444445,33.562532,-0.0018984035255555558,0.0003324824722222223,-0.0914834615,19.77777777777778,43.55555555555556
176,38.7857641111111,144.01570333333333,-0.004683946477777778,-0.00027816132555555573,-0.09653802276666666,64.33333333333333,43.333333333333336
177,41.18901044444444,304.8769966666667,-0.0021634827555555556,0.0013750635222222222,-0.18599996597333335,7.777777777777778,40.888888888888886
178,27.88948312222222,183.3924011111111,0.009698511955555555,0.007187510022222222,0.5020383877777779,65.0,70.11111111111111
179,25.007274555555554,165.8084211111111,0.002328819011111111,0.0031996421555555554,0.10094872311111111,17.0,52.666666666666664
180,36.57389033333334,324.7315688888889,-0.003187945611111111,-0.00020087935533333329,-0.018263289111111112,63.111111111111114,51.22222222222222
181,28.854660777777774,324.5731122222223,-0.0004009410666666665,-0.0002333548777777777,-0.04515156237777778,5.333333333333333,45.55555555555556
182,42.20966677777777,188.63714666666667,-0.0018840410377777778,-0.0005431308999999998,0.022064271444444446,2.0,47.666666666666664
183,3.9118700888888887,76.60835833333334,-0.004027303811111111,-0.00067945212,0.18347229611111107,59.0,50.44444444444444
184,18.802739111111112,251.65915,0.00441546288,0.00383991077,0.4036431888888889,48.888888888888886,63.0
185,18.88570616666667,204.74595555555555,-0.015133045188888888,-0.0020442222033333337,-0.3134786655555556,38.0,29.333333333333332
186,16.252445555555557,25.424555777777776,0.0008572764666666665,-0.0026215570999999997,-0.08919904633333332,56.55555555555556,43.44444444444444
187,20.28893722222222,113.95750666666666,0.01596112101111111,0.0018610498733333336,0.28393407933333337,4.0,64.55555555555556
188,28.338646888888892,253.32272555555554,0.002704930311111111,-0.00014777663222222213,-0.11887628511111109,64.88888888888889,42.111111111111114
189,15.067047333333335,246.59953666666672,-0.0016654223406666667,-0.0012905824577777777,-0.0558381698888889,71.88888888888889,42.0
190,28.128206444444444,143.47269444444444,0.006613724747777778,-0.0015908721187777777,0.1465330227777778,31.11111111111111,58.111111111111114
191,39.352447777777776,146.49394222222224,-0.00641263592888889,-0.0013406616699999999,-0.039982468333333326,57.77777777777778,43.55555555555556
192,28.910042555555556,178.6175022222222,-5.048903333333331e-05,0.003030932412222222,0.13971628955555557,21.0,55.111111111111114
193,12.667317055555555,209.42400666666666,-0.004449785222222221,0.0012356674395555556,-0.0009328250666666665,60.0,44.111111111111114
194,31.48933477777778,99.52431266666666,-0.00215927926,-0.00024324784222222223,0.04097282177777778,28.0,54.888888888888886
195,27.305426999999998,179.70686,0.008929134533333334,-0.0005248737666666667,0.09831946055555556,16.666666666666668,58.77777777777778
196,25.824028111111108,44.21718766666666,0.005435170955555556,0.0025205518333333335,0.07219969600000001,25.22222222222222,49.888888888888886
197,24.497428222222222,177.26206888888888,-0.004922429866666666,0.0003259824266666666,-0.016674130822222223,14.0,48.44444444444444
198,44.766365,188.86207666666667,-0.004178396144444445,0.0014856129,-0.002697195352222222,57.666666666666664,46.333333333333336
199,21.456485333333333,80.04941844444444,0.010715046161111113,-0.002369111301111111,0.2600141144444444,15.0,67.88888888888889
200,15.972215722222224,272.48859111111113,-0.004326305045555556,0.0006162845533333335,-0.03878816833333333,85.0,42.0
201,42.221765,224.0472188888889,0.012557580277777779,0.0010460278844444443,0.0882794543,15.333333333333334,64.88888888888889
202,20.53501888888889,49.13220688888888,0.01637399798888889,0.003329816156666667,0.3557639411111111,20.0,62.666666666666664
203,36.47970433333333,36.59147611111111,-0.0032792290622222224,0.0016950455155555558,-0.030233235555555554,26.77777777777778,41.888888888888886
204,26.88265288888889,288.5772711111111,0.005325588094444444,-0.0007849230899999999,0.06647931533333334,19.88888888888889,55.333333333333336
205,45.79371877777778,264.93054777777775,0.0006839144111111107,0.002397724292222222,0.14807545577777778,12.333333333333334,46.666666666666664
206,27.981808888888892,285.85918555555554,-0.009644404933333333,-0.004185880188888889,-0.34228153222222224,10.333333333333334,26.0
207,27.175713888888893,136.93054666666663,-0.0032599649777777778,-0.0006374801999999998,-0.17718527611111112,12.333333333333334,36.44444444444444
208,3.1202970222222226,203.39196840739365,0.029838257711111118,0.0008496265366666668,0.5442995744444444,12.0,80.66666666666667
209,39.55679822222223,229.93688111111112,0.0015942590033333336,0.00038964486777777783,0.10506592933333334,18.555555555555557,58.0
210,42.03760544444444,326.74326333333335,0.006412285066666666,0.005092820222222222,0.5202823633333333,68.44444444444444,68.22222222222223
211,38.79928577777778,190.24325777777779,0.0023951429555555555,0.0019335854922222224,0.23241458711111113,7.666666666666667,52.77777777777778
212,33.41641066666667,62.84593553333333,-0.010414772985555555,-0.0010677016444444443,-0.11835351422222222,28.11111111111111,42.77777777777778
213,18.655121444444447,231.25451888888887,-0.022453842388888888,-0.0014874206666666665,-0.22249668833333333,20.0,28.444444444444443
214,21.425267,15.119174455555557,-0.0054128638555555565,-0.0011155830555555557,-0.03194373033333334,33.0,43.22222222222222
215,30.76404522222222,73.26999944444445,-0.0016435107488888892,-0.0017425450092222222,-0.0918432940311111,28.0,45.0
216,24.48915888888889,318.96443444444446,0.0050743841788888884,0.0018824710444444444,0.1708873311111111,23.88888888888889,59.333333333333336
217,2.113477788888889,161.53657444444445,-0.006439458311111114,-0.0015553822622222224,-0.10642494211111111,2.0,29.555555555555557
218,30.475946000000004,186.89587444444442,0.0009419016999999999,0.0016657447175555558,0.05332091914444445,19.0,51.666666666666664
219,41.55505022222223,124.33698066666665,0.00416082671111111,-0.002392935288888889,-0.0066955746777777846,5.444444444444445,55.44444444444444
220,23.92339255555556,297.40764,0.010373341044444446,0.00024551026888888886,0.37185338222222225,22.77777777777778,67.33333333333333
221,29.316965444444445,148.21176,-0.0034552039111111106,-0.0013245769222222223,-0.0337729257,14.666666666666666,44.333333333333336
222,14.946647777777779,240.38891777777775,0.01072125006,0.0013653938755555555,0.20150057222222223,60.0,59.111111111111114
223,18.901433555555556,128.48449333333332,0.004933837000000001,0.0008307035777777783,0.04958664866666667,61.111111111111114,48.888888888888886
224,31.48787377777778,258.0368755555556,0.014123768233333334,0.004080496133333333,0.33481938777777775,20.666666666666668,70.44444444444444
225,24.965470222222223,161.92198333333332,0.003627267388888889,6.284966288888892e-05,0.12376270877777776,27.11111111111111,60.77777777777778
226,41.166137,190.54002111111112,0.010777243155555553,0.001193364768888889,0.089754851,40.111111111111114,55.77777777777778
227,32.41273811111111,239.17842333333334,0.0006810769333333333,-0.00015204291111111116,0.060380799333333325,20.0,53.0
228,22.773236,153.02899511111113,-0.017078570866666667,0.0015407803361111114,-0.44313164555555556,7.666666666666667,23.555555555555557
229,38.80746855555556,299.25745111111115,-0.0013019344731111113,3.861919999999998e-05,0.011135381299999999,14.333333333333334,51.44444444444444
230,40.769432888888886,76.95461377777777,-0.0006926419,-0.001273334777777778,-0.006205832000000002,22.88888888888889,53.22222222222222
231,22.614695888888892,37.796939555555554,0.000653870188888889,0.0009119224576777779,0.036899404025555554,83.11111111111111,52.44444444444444
232,34.39054866666667,300.8943644444445,0.007937717533333333,0.0010000718714444445,0.21615473333333332,17.88888888888889,64.0
233,28.16823388888889,242.1795088888889,-0.002686668988888889,-0.003451523326666666,-0.2024966828888889,33.333333333333336,37.44444444444444
234,33.77798633333333,131.6028,-0.0030108157222222226,-0.0004022160299999999,0.019788221111111105,63.666666666666664,47.22222222222222
235,24.336461444444442,129.57331,-0.0072373045,-0.0011336868444444443,-0.3277420888888889,25.0,28.0
236,26.699887111111114,289.74915000000004,-0.005094578328888888,-0.002645635753333333,-0.2049755268888889,16.444444444444443,41.44444444444444
237,17.609737222222222,251.0917255555555,0.024619167133333328,0.00399136047,0.2853894844444444,58.22222222222222,73.11111111111111
238,2.6080849222222224,126.75757066666665,-0.007452554,0.0009373710273333333,0.2872533277777778,2.0,74.0
239,6.783589577777779,270.8001433333333,-0.004135585488888889,0.0007029354588888891,0.10220852944444445,16.22222222222222,55.44444444444444
240,38.47174855555556,316.7713944444444,0.0020992237666666667,-0.0018552482888888893,0.08471695885555557,54.22222222222222,57.111111111111114
241,15.3427785,88.85978156666667,-0.007027425911111111,-0.004762212583333333,-0.5185061275555556,7.0,26.22222222222222
242,21.710383188888883,139.70945600000002,-0.019360730733333335,-0.011795389222222223,-0.6087948911111112,33.111111111111114,17.11111111111111
243,11.642610444444445,155.9247,-0.00013421316111111105,-0.0015718021211111111,-0.1362000404111111,19.77777777777778,44.666666666666664
244,32.22323288888889,165.46893222222224,-0.003872805984444445,9.294522888888878e-05,-0.019141968888888892,7.888888888888889,48.22222222222222
245,46.284147,313.4925922222222,-0.0049859089611111115,-0.0021718911911111113,-0.20448875966666666,30.333333333333332,35.55555555555556
246,23.986366444444442,254.4853288888889,0.01774434275555556,0.004822843803333334,0.4946023544444444,32.0,74.88888888888889
247,11.238391866666667,227.7460566666667,0.06583133234222222,0.00709757598888889,0.8125941044444445,24.0,83.44444444444444
248,7.531899633333334,97.08039177777778,0.021888208800000003,-0.0007957935133333332,-0.06965466633333334,4.0,41.44444444444444
249,21.19636011111111,269.4802066666667,0.008671234844444445,0.0034760995244444443,0.6291915311111111,21.0,79.33333333333333
250,5.509543355555555,205.23207311111113,0.01870813524444444,-0.0010549007951111112,0.013882025444444454,56.0,38.77777777777778
251,32.69840333333334,229.32914777777782,0.011013288466666667,0.0005268476564111111,0.28708519666666665,21.444444444444443,62.44444444444444
252,31.36165911111111,109.73700733333334,-0.008614532500000001,-0.00021549748666666675,-0.09825071766666667,35.666666666666664,42.22222222222222
253,17.191404222222225,143.2189788888889,-0.009183006444444444,0.0018049206555555554,-0.16017541755555553,70.66666666666667,33.44444444444444
254,4.671795177777778,67.39611044444445,-0.0019925532222222217,-0.000885113688888889,-0.11015133311111112,73.0,37.666666666666664
255,27.584815000000003,209.35573366666665,0.013889563522222223,0.0018100729444444446,0.28235115111111114,24.0,69.11111111111111
256,45.65308588888889,305.75355718888886,-0.004481215123333333,-0.0021234749444444447,-0.1584727111111111,54.666666666666664,41.0
257,20.55462311111111,100.78072544444444,0.010133478226222221,-0.0028856275311111112,-0.001494704111111112,76.22222222222223,53.111111111111114
258,32.88871611111111,264.6287511111111,0.012031977677777778,0.0008346870966666666,0.29397737333333335,30.333333333333332,68.11111111111111
259,37.987742555555556,88.92199233333332,0.00858631246,0.0023091246111111106,0.20035217222222224,68.44444444444444,56.22222222222222
260,45.71169855555556,159.97063745111112,-0.00015149098444444445,0.0002893106285555557,-0.07068826200000002,79.66666666666667,48.44444444444444
261,6.391013811111111,248.5196611111111,-0.0069363552222222215,0.0005690407377777777,0.1382095133333333,79.11111111111111,53.77777777777778
262,15.338372999999999,229.4030077777778,0.005314480766666667,-0.00033703445111111114,0.024340882666666667,10.0,50.0
